{
    "foreground_intensity_properties_per_channel": {
        "0": {
            "max": 107.86343383789062,
            "mean": 2.133002996444702,
            "median": 1.701907992362976,
            "min": 0.9490564465522766,
            "percentile_00_5": 1.003193974494934,
            "percentile_99_5": 14.155210494995117,
            "std": 2.004765748977661
        },
        "1": {
            "max": 3071.0,
            "mean": 73.2606201171875,
            "median": 39.0,
            "min": -2352.0,
            "percentile_00_5": -294.0,
            "percentile_99_5": 1038.0,
            "std": 170.24659729003906
        }
    },
    "median_relative_size_after_cropping": 1.0,
    "shapes_after_crop": [
        [
            335,
            192,
            192
        ],
        [
            371,
            128,
            128
        ],
        [
            721,
            200,
            200
        ],
        [
            335,
            192,
            192
        ],
        [
            335,
            192,
            192
        ],
        [
            324,
            200,
            200
        ],
        [
            335,
            192,
            192
        ],
        [
            335,
            192,
            192
        ],
        [
            360,
            169,
            169
        ],
        [
            379,
            200,
            200
        ],
        [
            412,
            200,
            200
        ],
        [
            299,
            192,
            192
        ],
        [
            207,
            200,
            200
        ],
        [
            453,
            200,
            200
        ],
        [
            299,
            192,
            192
        ],
        [
            299,
            192,
            192
        ],
        [
            222,
            200,
            200
        ],
        [
            234,
            144,
            144
        ],
        [
            335,
            192,
            192
        ],
        [
            299,
            192,
            192
        ],
        [
            335,
            192,
            192
        ],
        [
            407,
            192,
            192
        ],
        [
            335,
            192,
            192
        ],
        [
            382,
            200,
            200
        ],
        [
            913,
            200,
            200
        ],
        [
            299,
            192,
            192
        ],
        [
            747,
            180,
            180
        ],
        [
            324,
            168,
            168
        ],
        [
            339,
            200,
            200
        ],
        [
            441,
            200,
            200
        ],
        [
            1206,
            180,
            180
        ],
        [
            335,
            192,
            192
        ],
        [
            394,
            200,
            200
        ],
        [
            255,
            144,
            144
        ],
        [
            244,
            200,
            200
        ],
        [
            335,
            192,
            192
        ],
        [
            449,
            256,
            256
        ],
        [
            407,
            192,
            192
        ],
        [
            492,
            200,
            200
        ],
        [
            370,
            200,
            200
        ],
        [
            202,
            200,
            200
        ],
        [
            449,
            256,
            256
        ],
        [
            335,
            192,
            192
        ],
        [
            276,
            200,
            200
        ],
        [
            335,
            192,
            192
        ],
        [
            335,
            192,
            192
        ],
        [
            384,
            200,
            200
        ],
        [
            335,
            192,
            192
        ],
        [
            903,
            200,
            200
        ],
        [
            335,
            192,
            192
        ],
        [
            407,
            192,
            192
        ],
        [
            335,
            192,
            192
        ],
        [
            355,
            200,
            200
        ],
        [
            332,
            200,
            200
        ],
        [
            443,
            192,
            192
        ],
        [
            683,
            180,
            180
        ],
        [
            335,
            192,
            192
        ],
        [
            449,
            256,
            256
        ],
        [
            335,
            192,
            192
        ],
        [
            244,
            200,
            200
        ],
        [
            407,
            192,
            192
        ],
        [
            244,
            200,
            200
        ],
        [
            255,
            169,
            169
        ],
        [
            503,
            256,
            256
        ],
        [
            323,
            180,
            180
        ],
        [
            335,
            192,
            192
        ],
        [
            374,
            168,
            168
        ],
        [
            299,
            192,
            192
        ],
        [
            335,
            192,
            192
        ],
        [
            335,
            192,
            192
        ],
        [
            335,
            192,
            192
        ],
        [
            382,
            200,
            200
        ],
        [
            299,
            192,
            192
        ],
        [
            285,
            200,
            200
        ],
        [
            335,
            192,
            192
        ],
        [
            335,
            192,
            192
        ],
        [
            299,
            192,
            192
        ],
        [
            360,
            169,
            169
        ],
        [
            371,
            200,
            200
        ],
        [
            199,
            200,
            200
        ],
        [
            363,
            200,
            200
        ],
        [
            324,
            168,
            168
        ],
        [
            500,
            200,
            200
        ],
        [
            323,
            200,
            200
        ],
        [
            407,
            192,
            192
        ],
        [
            335,
            192,
            192
        ],
        [
            404,
            200,
            200
        ],
        [
            276,
            144,
            144
        ],
        [
            299,
            192,
            192
        ],
        [
            382,
            200,
            200
        ],
        [
            449,
            256,
            256
        ],
        [
            488,
            200,
            200
        ],
        [
            244,
            200,
            200
        ],
        [
            488,
            200,
            200
        ],
        [
            362,
            200,
            200
        ],
        [
            335,
            192,
            192
        ],
        [
            244,
            200,
            200
        ],
        [
            424,
            168,
            168
        ],
        [
            299,
            192,
            192
        ],
        [
            335,
            192,
            192
        ]
    ],